uid,nightuid,namedLocation,domainID,siteID,plotID,trapCoordinate,plotType,nlcdClass,decimalLatitude,decimalLongitude,geodeticDatum,coordinateUncertainty,elevation,elevationUncertainty,trapStatus,trapType,collectDate,endDate,tagID,individualCode,taxonID,scientificName,taxonRank,identificationQualifier,identificationReferences,nativeStatusCode,sex,recapture,fate,replacedTag,lifeStage,testes,nipples,pregnancyStatus,vagina,hindfootLength,earLength,tailLength,totalLength,weight,larvalTicksAttached,nymphalTicksAttached,adultTicksAttached,bloodSampleID,bloodSampleBarcode,bloodSampleMethod,fecalSampleID,fecalSampleBarcode,fecalSampleCondition,earSampleID,earSampleBarcode,hairSampleID,hairSampleBarcode,hairSampleContents,voucherSampleID,voucherSampleBarcode,measuredBy,recordedBy,remarks,dataQF
1497eefc-0f9e-498b-896b-4d26df7edf3a,a9ccba1d-e34f-4233-804b-27bd8038fc16,SJER_002.mammalGrid.mam,D17,SJER,SJER_002,B9,distributed,grasslandHerbaceous,37.081628,-119.742642,WGS84,45.1,340.6,0.1,5 - capture,ShermanXLK,2/17/2017,2/17/2017,NEON.MAM.D17.R1068,NA,PEBO,Peromyscus boylii,species,NA,NA,N,M,N,processed,NA,adult,nonscrotal,NA,NA,NA,18,16,63,113,18,N,N,N,SJER.20170217.R1068.B,NA,mandibular,SJER.20170217.R1068.F,NA,fresh,SJER.20170217.R1068.E,NA,SJER.20170217.R1068.H,NA,NA,NA,NA,auccello@field-ops.org,Frosenbower@field-ops.org,tissue cold chain broken,NA
fddceb51-b047-47e4-9840-5df3e332bc58,a9ccba1d-e34f-4233-804b-27bd8038fc16,SJER_002.mammalGrid.mam,D17,SJER,SJER_002,A10,distributed,grasslandHerbaceous,37.081628,-119.742642,WGS84,45.1,340.6,0.1,5 - capture,ShermanXLK,2/17/2017,2/17/2017,NEON.MAM.D17.R1064,NA,PEMA,Peromyscus maniculatus,species,cf. species,NA,N,F,N,processed,NA,subadult,NA,nonenlarged,not,neither,15,12,50,104,9,N,N,N,NA,NA,NA,SJER.20170217.R1064.F,NA,fresh,SJER.20170217.R1064.E,NA,SJER.20170217.R1064.H,NA,NA,NA,NA,auccello@field-ops.org,Frosenbower@field-ops.org,tissue cold chain broken,NA
c9549606-4714-479e-8318-b513f19e6519,673c91fd-5a9a-4a3c-87af-8ee1b2184269,SJER_009.mammalGrid.mam,D17,SJER,SJER_009,H10,distributed,grasslandHerbaceous,37.116909,-119.739947,WGS84,45.2,433.7,0.1,5 - capture,ShermanXLK,2/17/2017,2/17/2017,NEON.MAM.D17.R1224,NA,PETR,Peromyscus truei,species,cf. species,NA,N,M,N,processed,NA,adult,nonscrotal,NA,NA,NA,19,21,NA,NA,26,N,N,N,SJER.20170217.R1224.B,NA,unsuccessful,SJER.20170217.R1224.F,NA,fresh,SJER.20170217.R1224.E,NA,SJER.20170217.R1224.H,NA,NA,NA,NA,Eartz@neoninc.org,Severett@battelleecology.org,NA,NA
c1842d6e-f146-4604-adc2-5f8550480f26,673c91fd-5a9a-4a3c-87af-8ee1b2184269,SJER_009.mammalGrid.mam,D17,SJER,SJER_009,D6,distributed,grasslandHerbaceous,37.116909,-119.739947,WGS84,45.2,433.7,0.1,5 - capture,ShermanXLK,2/17/2017,2/17/2017,NEON.MAM.D17.L1206,NA,PEBO,Peromyscus boylii,species,NA,NA,N,M,U,released,NA,adult,nonscrotal,NA,NA,NA,NA,NA,NA,NA,NA,U,U,U,NA,NA,NA,SJER.20170217.L1206.F,NA,fresh,NA,NA,NA,NA,NA,NA,NA,Eartz@neoninc.org,Severett@battelleecology.org,released due to cold stress,NA
461630ea-7f36-40f7-9c67-7ae5b15dd0bf,673c91fd-5a9a-4a3c-87af-8ee1b2184269,SJER_009.mammalGrid.mam,D17,SJER,SJER_009,D3,distributed,grasslandHerbaceous,37.116909,-119.739947,WGS84,45.2,433.7,0.1,5 - capture,ShermanXLK,2/17/2017,2/17/2017,NEON.MAM.D17.R1216,NA,PEBO,Peromyscus boylii,species,NA,NA,N,M,N,processed,NA,adult,scrotal,NA,NA,NA,20,17,NA,NA,23,N,N,N,NA,NA,NA,NA,NA,NA,SJER.20170217.R1216.E,NA,SJER.20170217.R1216.H,NA,NA,NA,NA,Eartz@neoninc.org,Severett@battelleecology.org,NA,NA
b9ad5c81-bd12-4b21-afe5-4a68f2428437,9ed96c99-c3ba-436e-8386-bcbe90b09b09,SJER_032.mammalGrid.mam,D17,SJER,SJER_032,E5,distributed,grasslandHerbaceous,37.092605,-119.744726,WGS84,45.1,344.8,0.1,5 - capture,ShermanXLK,2/17/2017,2/17/2017,NEON.MAM.D17.R1143,NA,PEBO,Peromyscus boylii,species,NA,NA,N,F,Y,processed,NA,subadult,NA,nonenlarged,not,neither,17,15,69,NA,12,N,N,N,SJER.20170217.R1143.B,NA,mandibular,NA,NA,NA,NA,NA,SJER.20170217.R1143.H,NA,NA,NA,NA,auccello@field-ops.org,Frosenbower@field-ops.org,NA,NA
0e5308fd-ae74-438d-b191-fce977826de6,a9ccba1d-e34f-4233-804b-27bd8038fc16,SJER_002.mammalGrid.mam,D17,SJER,SJER_002,I2,distributed,grasslandHerbaceous,37.081628,-119.742642,WGS84,45.1,340.6,0.1,5 - capture,ShermanXLK,2/17/2017,2/17/2017,NEON.MAM.D17.R1052,NA,REME,Reithrodontomys megalotis,species,NA,NA,N,F,N,processed,NA,adult,NA,nonenlarged,not,swollen,14,12,70,131,12,N,N,N,SJER.20170217.R1052.B,NA,mandibular,SJER.20170217.R1052.F,NA,fresh,SJER.20170217.R1052.E,NA,NA,NA,NA,NA,NA,auccello@field-ops.org,Frosenbower@field-ops.org,tissue cold chain broken,NA
2e90879e-8390-4f32-a4c5-adc341d4de5b,9ed96c99-c3ba-436e-8386-bcbe90b09b09,SJER_032.mammalGrid.mam,D17,SJER,SJER_032,A1,distributed,grasslandHerbaceous,37.092605,-119.744726,WGS84,45.1,344.8,0.1,5 - capture,ShermanXLK,2/17/2017,2/17/2017,NEON.MAM.D17.R1127,NA,PEMA,Peromyscus maniculatus,species,NA,NA,N,F,Y,released,NA,adult,NA,nonenlarged,not,swollen,NA,NA,NA,NA,NA,N,N,N,NA,NA,NA,NA,NA,NA,NA,NA,NA,NA,NA,NA,NA,auccello@field-ops.org,Frosenbower@field-ops.org,released due to time constraints,NA
d0ac143f-5b37-4d56-916c-37c9eb50cfb9,a9ccba1d-e34f-4233-804b-27bd8038fc16,SJER_002.mammalGrid.mam,D17,SJER,SJER_002,I7,distributed,grasslandHerbaceous,37.081628,-119.742642,WGS84,45.1,340.6,0.1,5 - capture,ShermanXLK,2/17/2017,2/17/2017,NEON.MAM.D17.R1096,NA,REME,Reithrodontomys megalotis,species,NA,NA,N,F,N,processed,NA,adult,NA,nonenlarged,not,neither,15,10,66,116,9,N,N,N,NA,NA,NA,NA,NA,NA,SJER.20170217.R1096.E,NA,NA,NA,NA,NA,NA,auccello@field-ops.org,Frosenbower@field-ops.org,tissue cold chain broken,NA
fac356ee-a14a-4950-9537-c52764397a5e,673c91fd-5a9a-4a3c-87af-8ee1b2184269,SJER_009.mammalGrid.mam,D17,SJER,SJER_009,F6,distributed,grasslandHerbaceous,37.116909,-119.739947,WGS84,45.2,433.7,0.1,5 - capture,ShermanXLK,2/17/2017,2/17/2017,NEON.MAM.D17.R1214,NA,PEMA,Peromyscus maniculatus,species,NA,NA,N,F,N,released,NA,unknown,NA,unknown,unknown,unknown,NA,NA,NA,NA,NA,U,U,U,NA,NA,NA,NA,NA,NA,NA,NA,NA,NA,NA,NA,NA,Eartz@neoninc.org,Severett@battelleecology.org,released with minimal processing due to cold stress,NA
21efbe9d-4d8a-48a4-b6cb-4dd830731974,9ed96c99-c3ba-436e-8386-bcbe90b09b09,SJER_032.mammalGrid.mam,D17,SJER,SJER_032,H7,distributed,grasslandHerbaceous,37.092605,-119.744726,WGS84,45.1,344.8,0.1,5 - capture,ShermanXLK,2/17/2017,2/17/2017,NEON.MAM.D17.R1974,NA,PEBO,Peromyscus boylii,species,NA,NA,N,M,Y,released,NA,adult,nonscrotal,NA,NA,NA,NA,NA,NA,NA,NA,N,N,N,NA,NA,NA,NA,NA,NA,NA,NA,NA,NA,NA,NA,NA,auccello@field-ops.org,Frosenbower@field-ops.org,released due to time constraints,NA
acf07902-1507-4e84-ad8e-9ec642b3ea0b,9ed96c99-c3ba-436e-8386-bcbe90b09b09,SJER_032.mammalGrid.mam,D17,SJER,SJER_032,C6,distributed,grasslandHerbaceous,37.092605,-119.744726,WGS84,45.1,344.8,0.1,5 - capture,ShermanXLK,2/17/2017,2/17/2017,NEON.MAM.D17.R1093,NA,REME,Reithrodontomys megalotis,species,NA,NA,N,M,N,released,NA,adult,nonscrotal,NA,NA,NA,NA,NA,NA,NA,NA,N,N,N,NA,NA,NA,NA,NA,NA,NA,NA,NA,NA,NA,NA,NA,auccello@field-ops.org,Frosenbower@field-ops.org,released due to time constraints,NA
4d6793c7-669d-43d7-bb9e-a48a22a3f2ea,a9ccba1d-e34f-4233-804b-27bd8038fc16,SJER_002.mammalGrid.mam,D17,SJER,SJER_002,A1,distributed,grasslandHerbaceous,37.081628,-119.742642,WGS84,45.1,340.6,0.1,5 - capture,ShermanXLK,2/17/2017,2/17/2017,NEON.MAM.D17.R1058,NA,REME,Reithrodontomys megalotis,species,NA,NA,N,F,N,released,NA,adult,NA,nonenlarged,not,neither,15,13,71,120,13,N,N,N,SJER.20170217.R1058.B,NA,mandibular,SJER.20170217.R1058.F,NA,fresh,NA,NA,NA,NA,NA,NA,NA,auccello@field-ops.org,Frosenbower@field-ops.org,ear punch not taken due to animal stress,NA
55454b88-9f76-4eaf-8e9c-cb5a71c9668d,673c91fd-5a9a-4a3c-87af-8ee1b2184269,SJER_009.mammalGrid.mam,D17,SJER,SJER_009,C1,distributed,grasslandHerbaceous,37.116909,-119.739947,WGS84,45.2,433.7,0.1,5 - capture,ShermanXLK,2/17/2017,2/17/2017,NEON.MAM.D17.R1211,NA,PEBO,Peromyscus boylii,species,NA,NA,N,M,N,processed,NA,adult,nonscrotal,NA,NA,NA,19,17,80,140,18,N,N,N,SJER.20170217.R1211.B,NA,mandibular,NA,NA,NA,SJER.20170217.R1211.E,NA,SJER.20170217.R1211.H,NA,NA,NA,NA,Eartz@neoninc.org,Severett@battelleecology.org,NA,NA
0adbffe9-b89e-47f1-94cd-f77a0d4b233a,9ed96c99-c3ba-436e-8386-bcbe90b09b09,SJER_032.mammalGrid.mam,D17,SJER,SJER_032,I10,distributed,grasslandHerbaceous,37.092605,-119.744726,WGS84,45.1,344.8,0.1,5 - capture,ShermanXLK,2/17/2017,2/17/2017,NEON.MAM.D17.R1230,NA,PETR,Peromyscus truei,species,NA,NA,N,M,Y,processed,NA,adult,nonscrotal,NA,NA,NA,22,22,102,NA,24,N,N,N,SJER.20170217.R1230.B,NA,mandibular,SJER.20170217.R1230.F,NA,fresh,NA,NA,SJER.20170217.R1230.H,NA,NA,NA,NA,auccello@field-ops.org,Frosenbower@field-ops.org,NA,NA
97f2eb4e-41ce-4ef5-94ed-95dc4d284e65,9ed96c99-c3ba-436e-8386-bcbe90b09b09,SJER_032.mammalGrid.mam,D17,SJER,SJER_032,H10,distributed,grasslandHerbaceous,37.092605,-119.744726,WGS84,45.1,344.8,0.1,5 - capture,ShermanXLK,2/17/2017,2/17/2017,NEON.MAM.D17.R1099,NA,PEBO,Peromyscus boylii,species,NA,NA,N,F,N,released,NA,adult,NA,nonenlarged,not,neither,NA,NA,NA,NA,NA,N,N,N,NA,NA,NA,NA,NA,NA,NA,NA,NA,NA,NA,NA,NA,auccello@field-ops.org,Frosenbower@field-ops.org,released due to time constraints,NA
efc64db7-b6cf-4c1a-a645-d3fd0ae7e8be,9ed96c99-c3ba-436e-8386-bcbe90b09b09,SJER_032.mammalGrid.mam,D17,SJER,SJER_032,I1,distributed,grasslandHerbaceous,37.092605,-119.744726,WGS84,45.1,344.8,0.1,5 - capture,ShermanXLK,2/17/2017,2/17/2017,NEON.MAM.D17.R1128,NA,PEBO,Peromyscus boylii,species,NA,NA,N,F,Y,released,NA,adult,NA,nonenlarged,not,neither,NA,NA,NA,NA,NA,N,N,N,NA,NA,NA,NA,NA,NA,NA,NA,NA,NA,NA,NA,NA,auccello@field-ops.org,Frosenbower@field-ops.org,released due to time constraints,NA
b3795037-9ddc-4bf4-8f6b-c7128602dc98,9ed96c99-c3ba-436e-8386-bcbe90b09b09,SJER_032.mammalGrid.mam,D17,SJER,SJER_032,H6,distributed,grasslandHerbaceous,37.092605,-119.744726,WGS84,45.1,344.8,0.1,5 - capture,ShermanXLK,2/17/2017,2/17/2017,NEON.MAM.D17.R1095,NA,REME,Reithrodontomys megalotis,species,NA,NA,N,F,N,released,NA,adult,NA,nonenlarged,pregnant,swollen,NA,NA,NA,NA,NA,N,N,N,NA,NA,NA,NA,NA,NA,NA,NA,NA,NA,NA,NA,NA,auccello@field-ops.org,Frosenbower@field-ops.org,released due to time constraints,NA
92ae7465-4574-4fcd-bd5d-6651a26a2a6f,9ed96c99-c3ba-436e-8386-bcbe90b09b09,SJER_032.mammalGrid.mam,D17,SJER,SJER_032,H9,distributed,grasslandHerbaceous,37.092605,-119.744726,WGS84,45.1,344.8,0.1,5 - capture,ShermanXLK,2/17/2017,2/17/2017,NEON.MAM.D17.R1150,NA,PEBO,Peromyscus boylii,species,NA,NA,N,M,Y,processed,NA,adult,nonscrotal,NA,NA,NA,22,16,111,191,28,N,N,N,SJER.20170217.R1150.B,NA,mandibular,NA,NA,NA,NA,NA,SJER.20170217.R1150.H,NA,NA,NA,NA,auccello@field-ops.org,Frosenbower@field-ops.org,NA,NA
848c37ce-1bd0-4765-a591-766d998ef7a6,9ed96c99-c3ba-436e-8386-bcbe90b09b09,SJER_032.mammalGrid.mam,D17,SJER,SJER_032,J7,distributed,grasslandHerbaceous,37.092605,-119.744726,WGS84,45.1,344.8,0.1,5 - capture,ShermanXLK,2/17/2017,2/17/2017,NEON.MAM.D17.R1126,NA,PEBO,Peromyscus boylii,species,NA,NA,N,M,Y,released,NA,adult,nonscrotal,NA,NA,NA,NA,NA,NA,NA,NA,N,N,N,NA,NA,NA,NA,NA,NA,NA,NA,NA,NA,NA,NA,NA,auccello@field-ops.org,Frosenbower@field-ops.org,released due to time constraints,NA
cba37d3d-11d1-46ef-88f6-57bc4a4e4a43,ae0e7d9e-8211-44e8-8c23-daeb1e2e2439,SJER_013.mammalGrid.mam,D17,SJER,SJER_013,D8,distributed,evergreenForest,37.082596,-119.729144,WGS84,45.3,269.4,0.3,5 - capture,ShermanXLK,2/18/2017,2/18/2017,NEON.MAM.D17.R1074,NA,REME,Reithrodontomys megalotis,species,NA,NA,N,M,N,processed,NA,adult,scrotal,NA,NA,NA,16,13,79,NA,11,N,N,N,NA,NA,NA,SJER.20170218.R1074.F,NA,fresh,SJER.20170218.R1074.E,NA,NA,NA,NA,NA,NA,Frosenbower@field-ops.org,auccello@field-ops.org,NA,NA
7969dc1c-d59b-43f1-860f-f8b707d9baa0,ae0e7d9e-8211-44e8-8c23-daeb1e2e2439,SJER_013.mammalGrid.mam,D17,SJER,SJER_013,B8,distributed,evergreenForest,37.082596,-119.729144,WGS84,45.3,269.4,0.3,5 - capture,ShermanXLK,2/18/2017,2/18/2017,NEON.MAM.D17.R1092,NA,CHCA,Chaetodipus californicus,species,NA,NA,N,M,N,processed,NA,adult,scrotal,NA,NA,NA,25,10,52,NA,32,N,N,N,NA,NA,NA,NA,NA,NA,SJER.20170218.R1092.E,NA,NA,NA,NA,NA,NA,Frosenbower@field-ops.org,auccello@field-ops.org,NA,NA
c48e4b09-3949-4511-9285-9b72f89d9365,ae0e7d9e-8211-44e8-8c23-daeb1e2e2439,SJER_013.mammalGrid.mam,D17,SJER,SJER_013,D2,distributed,evergreenForest,37.082596,-119.729144,WGS84,45.3,269.4,0.3,5 - capture,ShermanXLK,2/18/2017,2/18/2017,NEON.MAM.D17.R1091,NA,REME,Reithrodontomys megalotis,species,NA,NA,N,M,N,processed,NA,adult,nonscrotal,NA,NA,NA,16,12,74,NA,12,N,N,N,NA,NA,NA,SJER.20170218.R1091.F,NA,fresh,SJER.20170218.R1091.E,NA,NA,NA,NA,NA,NA,Frosenbower@field-ops.org,auccello@field-ops.org,NA,NA
852954c8-4dfb-4b3b-b7ec-a6bb7a5510e7,43e72593-325e-4eae-a296-45f8c2baabd9,SJER_032.mammalGrid.mam,D17,SJER,SJER_032,I9,distributed,grasslandHerbaceous,37.092605,-119.744726,WGS84,45.1,344.8,0.1,5 - capture,ShermanXLK,2/18/2017,2/18/2017,NEON.MAM.D17.R1208,NA,PEBO,Peromyscus boylii,species,NA,NA,N,M,N,processed,NA,adult,scrotal,NA,NA,NA,21,15,NA,NA,25,N,N,N,SJER.20170218.R1208.B,NA,mandibular,SJER.20170218.R1208.F,NA,fresh,SJER.20170218.R1208.E,NA,SJER.20170218.R1208.H,NA,NA,NA,NA,NA,NA,NA,NA
46b26809-09bc-4f7f-9b53-258c0fa3107f,43e72593-325e-4eae-a296-45f8c2baabd9,SJER_032.mammalGrid.mam,D17,SJER,SJER_032,H6,distributed,grasslandHerbaceous,37.092605,-119.744726,WGS84,45.1,344.8,0.1,5 - capture,ShermanXLK,2/18/2017,2/18/2017,NEON.MAM.D17.R1095,NA,REME,Reithrodontomys megalotis,species,NA,NA,N,F,Y,processed,NA,adult,NA,unknown,not,swollen,15,11,NA,NA,12,N,N,N,NA,NA,unsuccessful,SJER.20170218.R1095.F,NA,fresh,SJER.20170218.R1095.E,NA,NA,NA,NA,NA,NA,NA,NA,NA,NA
7993493e-713f-452a-bec9-fe1308d1efbf,43e72593-325e-4eae-a296-45f8c2baabd9,SJER_032.mammalGrid.mam,D17,SJER,SJER_032,H9,distributed,grasslandHerbaceous,37.092605,-119.744726,WGS84,45.1,344.8,0.1,5 - capture,ShermanXLK,2/18/2017,2/18/2017,NEON.MAM.D17.R1099,NA,PEBO,Peromyscus boylii,species,NA,NA,N,M,Y,released,NA,adult,scrotal,NA,NA,NA,NA,NA,NA,NA,NA,N,N,N,NA,NA,NA,NA,NA,NA,NA,NA,NA,NA,NA,NA,NA,NA,NA,released with minimal processing due to time constraints,NA
6950291a-474f-41c1-b7b7-c7dd5f495283,43e72593-325e-4eae-a296-45f8c2baabd9,SJER_032.mammalGrid.mam,D17,SJER,SJER_032,I7,distributed,grasslandHerbaceous,37.092605,-119.744726,WGS84,45.1,344.8,0.1,4 - more than 1 capture in one trap,ShermanXLK,2/18/2017,2/18/2017,NEON.MAM.D17.R1241,NA,PEBO,Peromyscus boylii,species,NA,NA,N,F,N,processed,NA,adult,NA,nonenlarged,not,neither,21,NA,NA,NA,27,N,N,N,NA,NA,unsuccessful,NA,NA,NA,SJER.20170218.R1241.E,NA,SJER.20170218.R1241.H,NA,NA,NA,NA,NA,NA,NA,NA
07f147b7-9461-41c7-8c3c-aea6907e65c8,43e72593-325e-4eae-a296-45f8c2baabd9,SJER_032.mammalGrid.mam,D17,SJER,SJER_032,I7,distributed,grasslandHerbaceous,37.092605,-119.744726,WGS84,45.1,344.8,0.1,4 - more than 1 capture in one trap,ShermanXLK,2/18/2017,2/18/2017,NEON.MAM.D17.R1240,NA,PEBO,Peromyscus boylii,species,NA,NA,N,M,NA,released,NA,subadult,unknown,NA,NA,NA,NA,NA,NA,NA,NA,U,U,U,NA,NA,NA,SJER.20170218.R1240.F,NA,fresh,NA,NA,NA,NA,NA,NA,NA,NA,NA,released without full processing due to time constraints,NA
3d928e7a-04cc-437e-95d7-9921530f1860,43e72593-325e-4eae-a296-45f8c2baabd9,SJER_032.mammalGrid.mam,D17,SJER,SJER_032,G6,distributed,grasslandHerbaceous,37.092605,-119.744726,WGS84,45.1,344.8,0.1,5 - capture,ShermanXLK,2/18/2017,2/18/2017,NEON.MAM.D17.R1974,NA,PEBO,Peromyscus boylii,species,NA,NA,N,M,Y,processed,NA,adult,scrotal,NA,NA,NA,21,17,NA,NA,25,N,N,N,NA,NA,unsuccessful,NA,NA,NA,NA,NA,SJER.20170218.R1974.H,NA,NA,NA,NA,NA,NA,NA,NA
91db1708-7b4e-4a05-af65-62b4180fb33b,43e72593-325e-4eae-a296-45f8c2baabd9,SJER_032.mammalGrid.mam,D17,SJER,SJER_032,A1,distributed,grasslandHerbaceous,37.092605,-119.744726,WGS84,45.1,344.8,0.1,5 - capture,ShermanXLK,2/18/2017,2/18/2017,NEON.MAM.D17.R1127,NA,PEMA,Peromyscus maniculatus,species,NA,NA,N,F,Y,released,NA,adult,NA,nonenlarged,not,neither,NA,NA,NA,NA,NA,N,N,N,NA,NA,NA,NA,NA,NA,NA,NA,NA,NA,NA,NA,NA,NA,NA,released without full processing due to time constraints,NA
57a31010-2c48-40f7-b514-24ab52fa8dda,60600480-3f10-4a68-8ff7-7a11fb5d5153,SJER_002.mammalGrid.mam,D17,SJER,SJER_002,F10,distributed,grasslandHerbaceous,37.081628,-119.742642,WGS84,45.1,340.6,0.1,5 - capture,ShermanXLK,2/18/2017,2/18/2017,NEON.MAM.D17.R1217,NA,PEMA,Peromyscus maniculatus,species,NA,NA,N,F,N,processed,NA,adult,NA,nonenlarged,pregnant,swollen,17,14,70,125,17,N,N,N,NA,NA,unsuccessful,SJER.20170218.R1217.F,NA,fresh,SJER.20170218.R1217.E,NA,SJER.20170218.R1217.H,NA,NA,NA,NA,Eartz@neoninc.org,Mtreece@battelleecology.org,NA,NA
64401acf-8fa0-4c5a-9d08-f6780fad9de6,60600480-3f10-4a68-8ff7-7a11fb5d5153,SJER_002.mammalGrid.mam,D17,SJER,SJER_002,D4,distributed,grasslandHerbaceous,37.081628,-119.742642,WGS84,45.1,340.6,0.1,5 - capture,ShermanXLK,2/18/2017,2/18/2017,NEON.MAM.D17.L1149,NA,PEBO,Peromyscus boylii,species,cf. species,NA,N,M,N,processed,NA,juvenile,nonscrotal,NA,NA,NA,17,13,56,105,13,N,N,N,SJER.20170218.L1149.B,NA,mandibular - QNS,SJER.20170218.L1149.F,NA,fresh,SJER.20170218.L1149.E,NA,SJER.20170218.L1149.H,NA,NA,NA,NA,Eartz@neoninc.org,Mtreece@battelleecology.org,NA,NA
89df5dc0-5d7e-447a-a689-a6c9f588a597,60600480-3f10-4a68-8ff7-7a11fb5d5153,SJER_002.mammalGrid.mam,D17,SJER,SJER_002,D3,distributed,grasslandHerbaceous,37.081628,-119.742642,WGS84,45.1,340.6,0.1,5 - capture,ShermanXLK,2/18/2017,2/18/2017,NEON.MAM.D17.R1205,NA,REME,Reithrodontomys megalotis,species,NA,NA,N,M,N,processed,NA,adult,scrotal,NA,NA,NA,15,12,70,120,9,N,N,N,NA,NA,NA,NA,NA,NA,SJER.20170218.R1205.E,NA,NA,NA,NA,NA,NA,Eartz@neoninc.org,Mtreece@battelleecology.org,NA,NA
be8849fe-db90-4138-b7d9-712ffacf3a6a,60600480-3f10-4a68-8ff7-7a11fb5d5153,SJER_002.mammalGrid.mam,D17,SJER,SJER_002,D5,distributed,grasslandHerbaceous,37.081628,-119.742642,WGS84,45.1,340.6,0.1,5 - capture,ShermanXLK,2/18/2017,2/18/2017,NEON.MAM.D17.R1201,NA,REME,Reithrodontomys megalotis,species,NA,NA,N,M,N,processed,NA,adult,scrotal,NA,NA,NA,17,14,70,130,12,N,N,N,NA,NA,unsuccessful,SJER.20170218.R1201.F,NA,fresh,SJER.20170218.R1201.E,NA,NA,NA,NA,NA,NA,Eartz@neoninc.org,Mtreece@battelleecology.org,animal had hole in L ear similar to ear punch but no signs of ripped tag,NA
c0025768-4132-4be9-b2f3-64c0d68eb6bd,60600480-3f10-4a68-8ff7-7a11fb5d5153,SJER_002.mammalGrid.mam,D17,SJER,SJER_002,D8,distributed,grasslandHerbaceous,37.081628,-119.742642,WGS84,45.1,340.6,0.1,5 - capture,ShermanXLK,2/18/2017,2/18/2017,NEON.MAM.D17.R1207,NA,REME,Reithrodontomys megalotis,species,cf. species,NA,N,M,N,processed,NA,adult,scrotal,NA,NA,NA,16,11,60,105,10,N,N,N,NA,NA,NA,SJER.20170218.R1207.F,NA,fresh,SJER.20170218.R1207.E,NA,NA,NA,NA,NA,NA,Eartz@neoninc.org,Mtreece@battelleecology.org,NA,NA
99eb5148-e1d4-4895-b2eb-1120a182079d,ae0e7d9e-8211-44e8-8c23-daeb1e2e2439,SJER_013.mammalGrid.mam,D17,SJER,SJER_013,C5,distributed,evergreenForest,37.082596,-119.729144,WGS84,45.3,269.4,0.3,5 - capture,ShermanXLK,2/18/2017,2/18/2017,NEON.MAM.D17.R1086,NA,REME,Reithrodontomys megalotis,species,NA,NA,N,F,N,processed,NA,adult,NA,nonenlarged,not,neither,16,13,68,NA,10,N,N,N,NA,NA,NA,SJER.20170218.R1086.F,NA,fresh,SJER.20170218.R1086.E,NA,NA,NA,NA,NA,NA,Frosenbower@field-ops.org,auccello@field-ops.org,NA,NA
c0c3c889-513b-4d8e-95d6-3c938f228175,ae0e7d9e-8211-44e8-8c23-daeb1e2e2439,SJER_013.mammalGrid.mam,D17,SJER,SJER_013,C7,distributed,evergreenForest,37.082596,-119.729144,WGS84,45.3,269.4,0.3,5 - capture,ShermanXLK,2/18/2017,2/18/2017,NEON.MAM.D17.R1066,NA,CHCA,Chaetodipus californicus,species,NA,NA,N,M,N,processed,NA,adult,nonscrotal,NA,NA,NA,25,9,129,NA,25,N,N,N,NA,NA,NA,SJER.20170218.R1066.F,NA,fresh,SJER.20170218.R1066.E,NA,NA,NA,NA,NA,NA,Frosenbower@field-ops.org,auccello@field-ops.org,NA,NA
752bcc2e-5e60-4e5c-b835-458c28add79a,add15214-7ac2-4f9c-ad99-2710ba29a01f,SJER_033.mammalGrid.mam,D17,SJER,SJER_033,J2,distributed,grasslandHerbaceous,37.081572,-119.715119,WGS84,45.1,324.2,0.1,5 - capture,ShermanXLK,2/18/2017,2/18/2017,NEON.MAM.D17.R1071,NA,REME,Reithrodontomys megalotis,species,NA,NA,N,M,N,processed,NA,adult,nonscrotal,NA,NA,NA,17,12,73,134,12,N,N,N,SJER.20170218.R1071.B,NA,mandibular,SJER.20170218.R1071.F,NA,fresh,SJER.20170218.R1071.E,NA,NA,NA,NA,NA,NA,Frosenbower@field-ops.org,auccello@field-ops.org,NA,NA
0023418f-9b83-4295-ae70-bdbf759e0f60,43e72593-325e-4eae-a296-45f8c2baabd9,SJER_032.mammalGrid.mam,D17,SJER,SJER_032,J10,distributed,grasslandHerbaceous,37.092605,-119.744726,WGS84,45.1,344.8,0.1,5 - capture,ShermanXLK,2/18/2017,2/18/2017,NEON.MAM.D17.R1249,NA,REME,Reithrodontomys megalotis,species,NA,NA,N,M,N,processed,NA,adult,nonscrotal,NA,NA,NA,15,12,NA,NA,13,N,N,N,NA,NA,unsuccessful,SJER.20170218.R1249.F,NA,fresh,SJER.20170218.R1249.E,NA,NA,NA,NA,NA,NA,NA,NA,NA,NA
d0f30fae-67be-4073-b452-d7c08397c77b,add15214-7ac2-4f9c-ad99-2710ba29a01f,SJER_033.mammalGrid.mam,D17,SJER,SJER_033,G7,distributed,grasslandHerbaceous,37.081572,-119.715119,WGS84,45.1,324.2,0.1,5 - capture,ShermanXLK,2/18/2017,2/18/2017,NEON.MAM.D17.L1070,NA,REME,Reithrodontomys megalotis,species,NA,NA,N,F,N,processed,R,adult,NA,nonenlarged,not,neither,15,10,70,109,8,N,N,N,NA,NA,NA,SJER.20170218.L1070.F,NA,fresh,NA,NA,NA,NA,NA,NA,NA,Frosenbower@field-ops.org,auccello@field-ops.org,NA,NA
4cdc7a39-6d03-41c3-9af6-bb4bc830942e,add15214-7ac2-4f9c-ad99-2710ba29a01f,SJER_033.mammalGrid.mam,D17,SJER,SJER_033,I8,distributed,grasslandHerbaceous,37.081572,-119.715119,WGS84,45.1,324.2,0.1,5 - capture,ShermanXLK,2/18/2017,2/18/2017,NEON.MAM.D17.R1079,NA,CHCA,Chaetodipus californicus,species,NA,NA,N,F,N,released,NA,adult,NA,nonenlarged,not,neither,NA,NA,NA,NA,NA,N,N,N,NA,NA,NA,NA,NA,NA,NA,NA,NA,NA,NA,NA,NA,Frosenbower@field-ops.org,auccello@field-ops.org,NA,NA
751c6ff6-7147-4055-94df-4763453c5160,add15214-7ac2-4f9c-ad99-2710ba29a01f,SJER_033.mammalGrid.mam,D17,SJER,SJER_033,J7,distributed,grasslandHerbaceous,37.081572,-119.715119,WGS84,45.1,324.2,0.1,5 - capture,ShermanXLK,2/18/2017,2/18/2017,NEON.MAM.D17.R1087,NA,PETR,Peromyscus truei,species,NA,NA,N,M,Y,processed,NA,adult,nonscrotal,NA,NA,NA,23,26,101,170,28,N,N,N,SJER.20170218.R1087.B,NA,mandibular,SJER.20170218.R1087.F,NA,fresh,NA,NA,SJER.20170218.R1087.H,NA,NA,NA,NA,Frosenbower@field-ops.org,auccello@field-ops.org,NA,NA
3f255e7c-1e31-44b1-9669-fd15adbc9971,add15214-7ac2-4f9c-ad99-2710ba29a01f,SJER_033.mammalGrid.mam,D17,SJER,SJER_033,J10,distributed,grasslandHerbaceous,37.081572,-119.715119,WGS84,45.1,324.2,0.1,5 - capture,ShermanXLK,2/18/2017,2/18/2017,NEON.MAM.D17.R1063,NA,REME,Reithrodontomys megalotis,species,NA,NA,N,M,N,processed,NA,adult,nonscrotal,NA,NA,NA,14,12,78,129,12,N,N,N,SJER.20170218.R1063.B,NA,mandibular,NA,NA,NA,SJER.20170218.R1063.E,NA,NA,NA,NA,NA,NA,Frosenbower@field-ops.org,auccello@field-ops.org,NA,NA
b936b2a3-05d9-457b-828c-471c7ef24518,add15214-7ac2-4f9c-ad99-2710ba29a01f,SJER_033.mammalGrid.mam,D17,SJER,SJER_033,H9,distributed,grasslandHerbaceous,37.081572,-119.715119,WGS84,45.1,324.2,0.1,5 - capture,ShermanXLK,2/18/2017,2/18/2017,NEON.MAM.D17.R1075,NA,REME,Reithrodontomys megalotis,species,NA,NA,N,F,N,processed,NA,adult,NA,nonenlarged,not,neither,17,13,66,118,11,N,N,N,SJER.20170218.R1075.B,NA,mandibular,SJER.20170218.R1075.F,NA,fresh,SJER.20170218.R1075.E,NA,NA,NA,NA,NA,NA,Frosenbower@field-ops.org,auccello@field-ops.org,NA,NA
92484242-5ac2-473e-99fa-2d80267a19a6,60600480-3f10-4a68-8ff7-7a11fb5d5153,SJER_002.mammalGrid.mam,D17,SJER,SJER_002,G9,distributed,grasslandHerbaceous,37.081628,-119.742642,WGS84,45.1,340.6,0.1,5 - capture,ShermanXLK,2/18/2017,2/18/2017,NEON.MAM.D17.R1204,NA,REME,Reithrodontomys megalotis,species,NA,NA,N,F,N,processed,NA,adult,NA,nonenlarged,not,swollen,15,11,69,115,8,N,N,N,NA,NA,NA,SJER.20170218.R1204.F,NA,fresh,SJER.20170218.R1204.E,NA,NA,NA,NA,NA,NA,Eartz@neoninc.org,Mtreece@battelleecology.org,NA,NA
75f07802-cf16-478a-bd72-3617f7542b99,60600480-3f10-4a68-8ff7-7a11fb5d5153,SJER_002.mammalGrid.mam,D17,SJER,SJER_002,H2,distributed,grasslandHerbaceous,37.081628,-119.742642,WGS84,45.1,340.6,0.1,5 - capture,ShermanXLK,2/18/2017,2/18/2017,NEON.MAM.D17.R1203,NA,REME,Reithrodontomys megalotis,species,NA,NA,N,F,N,processed,NA,adult,NA,nonenlarged,pregnant,neither,17,12,65,115,12,N,N,N,SJER.20170218.R1203.B,NA,mandibular,SJER.20170218.R1203.F,NA,fresh,SJER.20170218.R1203.E,NA,NA,NA,NA,NA,NA,Eartz@neoninc.org,Mtreece@battelleecology.org,NA,NA
ab4232cb-6e50-4eee-b00d-b7114cef04a6,43e72593-325e-4eae-a296-45f8c2baabd9,SJER_032.mammalGrid.mam,D17,SJER,SJER_032,E4,distributed,grasslandHerbaceous,37.092605,-119.744726,WGS84,45.1,344.8,0.1,5 - capture,ShermanXLK,2/18/2017,2/18/2017,NEON.MAM.D17.R1143,NA,PEBO,Peromyscus boylii,species,NA,NA,N,F,Y,processed,NA,adult,NA,nonenlarged,not,neither,18,12,NA,NA,13,N,N,N,NA,NA,NA,SJER.20170218.R1143.F,NA,fresh,NA,NA,NA,NA,NA,NA,NA,NA,NA,NA,NA
8c098100-e9af-4e24-bca4-d1f92991a4fd,43e72593-325e-4eae-a296-45f8c2baabd9,SJER_032.mammalGrid.mam,D17,SJER,SJER_032,E8,distributed,grasslandHerbaceous,37.092605,-119.744726,WGS84,45.1,344.8,0.1,5 - capture,ShermanXLK,2/18/2017,2/18/2017,NEON.MAM.D17.R1239,NA,REME,Reithrodontomys megalotis,species,NA,NA,N,M,N,released,NA,adult,scrotal,NA,NA,NA,NA,NA,NA,NA,NA,N,N,N,NA,NA,NA,NA,NA,NA,NA,NA,NA,NA,NA,NA,NA,NA,NA,released without full processing due to time constraints,NA
656e0d0e-f5ac-4c32-a7a9-43184e839e0f,ae0e7d9e-8211-44e8-8c23-daeb1e2e2439,SJER_013.mammalGrid.mam,D17,SJER,SJER_013,F1,distributed,evergreenForest,37.082596,-119.729144,WGS84,45.3,269.4,0.3,5 - capture,ShermanXLK,2/18/2017,2/18/2017,NEON.MAM.D17.R1083,NA,PEBO,Peromyscus boylii,species,NA,NA,N,M,N,processed,NA,adult,scrotal,NA,NA,NA,21,18,94,NA,23,N,N,N,NA,NA,NA,NA,NA,NA,SJER.20170218.R1083.E,NA,SJER.20170218.R1083.H,NA,NA,NA,NA,Frosenbower@field-ops.org,auccello@field-ops.org,NA,NA
56477e5e-e9b6-4809-afff-e324e400aeb3,ae0e7d9e-8211-44e8-8c23-daeb1e2e2439,SJER_013.mammalGrid.mam,D17,SJER,SJER_013,I5,distributed,evergreenForest,37.082596,-119.729144,WGS84,45.3,269.4,0.3,5 - capture,ShermanXLK,2/18/2017,2/18/2017,NEON.MAM.D17.R1077,NA,CHCA,Chaetodipus californicus,species,NA,NA,N,M,N,processed,NA,adult,scrotal,NA,NA,NA,23,10,80,NA,28,N,N,N,NA,NA,NA,SJER.20170218.R1077.F,NA,fresh,SJER.20170218.R1077.E,NA,NA,NA,NA,NA,NA,Frosenbower@field-ops.org,auccello@field-ops.org,NA,NA
696d3018-66e2-4a81-8983-e93ae145e171,ae0e7d9e-8211-44e8-8c23-daeb1e2e2439,SJER_013.mammalGrid.mam,D17,SJER,SJER_013,I6,distributed,evergreenForest,37.082596,-119.729144,WGS84,45.3,269.4,0.3,5 - capture,ShermanXLK,2/18/2017,2/18/2017,NEON.MAM.D17.R1084,NA,PEBO,Peromyscus boylii,species,NA,NA,N,M,N,processed,NA,adult,scrotal,NA,NA,NA,22,18,105,NA,29,N,N,N,NA,NA,NA,NA,NA,NA,SJER.20170218.R1084.E,NA,SJER.20170218.R1084.H,NA,NA,NA,NA,Frosenbower@field-ops.org,auccello@field-ops.org,NA,NA
abbddea5-f376-40bf-9439-bde2c772a3a0,43e72593-325e-4eae-a296-45f8c2baabd9,SJER_032.mammalGrid.mam,D17,SJER,SJER_032,C6,distributed,grasslandHerbaceous,37.092605,-119.744726,WGS84,45.1,344.8,0.1,5 - capture,ShermanXLK,2/18/2017,2/18/2017,NEON.MAM.D17.R1093,NA,REME,Reithrodontomys megalotis,species,NA,NA,N,M,Y,processed,NA,adult,nonscrotal,NA,NA,NA,15,13,NA,NA,10,N,N,N,NA,NA,NA,SJER.20170218.R1093.F,NA,fresh,SJER.20170218.R1093.E,NA,NA,NA,NA,NA,NA,NA,NA,NA,NA
2f71a3c5-ad7e-47a8-b322-c7bf2e1b0e2a,ae0e7d9e-8211-44e8-8c23-daeb1e2e2439,SJER_013.mammalGrid.mam,D17,SJER,SJER_013,E5,distributed,evergreenForest,37.082596,-119.729144,WGS84,45.3,269.4,0.3,5 - capture,ShermanXLK,2/18/2017,2/18/2017,NEON.MAM.D17.R1088,NA,REME,Reithrodontomys megalotis,species,NA,NA,N,F,N,processed,NA,adult,NA,nonenlarged,not,neither,16,12,71,NA,12,N,N,N,NA,NA,NA,SJER.20170218.R1088.F,NA,fresh,SJER.20170218.R1088.E,NA,NA,NA,NA,NA,NA,Frosenbower@field-ops.org,auccello@field-ops.org,NA,NA
8b9262d1-09e4-46b3-88c1-109936bd0314,60600480-3f10-4a68-8ff7-7a11fb5d5153,SJER_002.mammalGrid.mam,D17,SJER,SJER_002,J4,distributed,grasslandHerbaceous,37.081628,-119.742642,WGS84,45.1,340.6,0.1,5 - capture,ShermanXLK,2/18/2017,2/18/2017,NEON.MAM.D17.R1248,NA,REME,Reithrodontomys megalotis,species,NA,NA,N,M,N,processed,NA,adult,scrotal,NA,NA,NA,13,10,60,110,11,N,N,N,NA,NA,unsuccessful,SJER.20170218.R1248.F,NA,fresh,SJER.20170218.R1248.E,NA,NA,NA,NA,NA,NA,Eartz@neoninc.org,Mtreece@battelleecology.org,has broken tail,NA
5d8c8b49-7c64-44c7-a74b-6d55d68fee22,ae0e7d9e-8211-44e8-8c23-daeb1e2e2439,SJER_013.mammalGrid.mam,D17,SJER,SJER_013,E10,distributed,evergreenForest,37.082596,-119.729144,WGS84,45.3,269.4,0.3,5 - capture,ShermanXLK,2/18/2017,2/18/2017,NEON.MAM.D17.R1073,NA,REME,Reithrodontomys megalotis,species,NA,NA,N,M,N,processed,L,adult,nonscrotal,NA,NA,NA,15,12,78,NA,9,N,N,N,NA,NA,NA,SJER.20170218.R1073.F,NA,fresh,NA,NA,NA,NA,NA,NA,NA,Frosenbower@field-ops.org,auccello@field-ops.org,NA,NA
b1c6b7f0-904a-40a1-85b5-daefb0923568,ae0e7d9e-8211-44e8-8c23-daeb1e2e2439,SJER_013.mammalGrid.mam,D17,SJER,SJER_013,A7,distributed,evergreenForest,37.082596,-119.729144,WGS84,45.3,269.4,0.3,5 - capture,ShermanXLK,2/18/2017,2/18/2017,NEON.MAM.D17.R1089,NA,REME,Reithrodontomys megalotis,species,NA,NA,N,M,N,processed,NA,adult,nonscrotal,NA,NA,NA,16,12,73,NA,12,N,N,N,NA,NA,NA,SJER.20170218.R1089.F,NA,fresh,SJER.20170218.R1089.E,NA,NA,NA,NA,NA,NA,Frosenbower@field-ops.org,auccello@field-ops.org,NA,NA
e60adc44-533d-4980-82b6-f138f41b2ce7,43e72593-325e-4eae-a296-45f8c2baabd9,SJER_032.mammalGrid.mam,D17,SJER,SJER_032,G9,distributed,grasslandHerbaceous,37.092605,-119.744726,WGS84,45.1,344.8,0.1,5 - capture,ShermanXLK,2/18/2017,2/18/2017,NEON.MAM.D17.R1230,NA,PETR,Peromyscus truei,species,NA,NA,N,M,Y,released,NA,adult,scrotal,NA,NA,NA,NA,NA,NA,NA,NA,N,N,N,NA,NA,NA,NA,NA,NA,NA,NA,NA,NA,NA,NA,NA,NA,NA,released without full processing due to time constraints,NA
d471a149-0194-40a1-bcd3-d672b343919e,43e72593-325e-4eae-a296-45f8c2baabd9,SJER_032.mammalGrid.mam,D17,SJER,SJER_032,I1,distributed,grasslandHerbaceous,37.092605,-119.744726,WGS84,45.1,344.8,0.1,5 - capture,ShermanXLK,2/18/2017,2/18/2017,NEON.MAM.D17.R1245,NA,PEBO,Peromyscus boylii,species,NA,NA,N,M,N,released,NA,adult,scrotal,NA,NA,NA,NA,NA,NA,NA,NA,N,N,N,NA,NA,NA,NA,NA,NA,NA,NA,NA,NA,NA,NA,NA,NA,NA,released without full processing due to time constraints,NA
e0437962-6246-40d6-a56e-b89102a4ba04,43e72593-325e-4eae-a296-45f8c2baabd9,SJER_032.mammalGrid.mam,D17,SJER,SJER_032,J1,distributed,grasslandHerbaceous,37.092605,-119.744726,WGS84,45.1,344.8,0.1,5 - capture,ShermanXLK,2/18/2017,2/18/2017,NEON.MAM.D17.R1126,NA,PEBO,Peromyscus boylii,species,NA,NA,N,M,Y,processed,NA,adult,scrotal,NA,NA,NA,22,12,NA,NA,24,N,N,N,SJER.20170218.R1126.B,NA,mandibular,SJER.20170218.R1126.F,NA,fresh,NA,NA,SJER.20170218.R1126.H,NA,NA,NA,NA,NA,NA,NA,NA
5b548ce2-72b4-4f34-aab6-116ac8659460,43e72593-325e-4eae-a296-45f8c2baabd9,SJER_032.mammalGrid.mam,D17,SJER,SJER_032,D6,distributed,grasslandHerbaceous,37.092605,-119.744726,WGS84,45.1,344.8,0.1,5 - capture,ShermanXLK,2/18/2017,2/18/2017,NEON.MAM.D17.R1243,NA,PEMA,Peromyscus maniculatus,species,cf. species,NA,N,F,N,processed,NA,adult,NA,enlarged,not,swollen,17,11,NA,NA,14,N,N,N,NA,NA,unsuccessful,SJER.20170218.R1243.F,NA,fresh,SJER.20170218.R1243.E,NA,NA,NA,NA,NA,NA,NA,NA,NA,NA
a378619d-25f1-4123-a360-491b9a83213a,9b5387b5-e8f6-418c-aac7-ce3429c8f2ee,SJER_033.mammalGrid.mam,D17,SJER,SJER_033,G7,distributed,grasslandHerbaceous,37.081572,-119.715119,WGS84,45.1,324.2,0.1,5 - capture,ShermanXLK,2/19/2017,2/19/2017,NEON.MAM.D17.L1070,NA,REME,Reithrodontomys megalotis,species,NA,NA,N,F,Y,processed,NA,adult,NA,nonenlarged,not,neither,15,10,70,121,8,N,N,N,NA,NA,NA,SJER.20170219.L1070.F,NA,fresh,NA,NA,NA,NA,NA,NA,NA,Frosenbower@field-ops.org,auccello@field-ops.org,NA,NA
a31fb713-c63d-450c-a7e8-6573b81a534f,9b5387b5-e8f6-418c-aac7-ce3429c8f2ee,SJER_033.mammalGrid.mam,D17,SJER,SJER_033,I8,distributed,grasslandHerbaceous,37.081572,-119.715119,WGS84,45.1,324.2,0.1,5 - capture,ShermanXLK,2/19/2017,2/19/2017,NEON.MAM.D17.R1080,NA,REME,Reithrodontomys megalotis,species,NA,NA,N,M,N,processed,NA,adult,nonscrotal,NA,NA,NA,17,10,63,113,9,N,N,N,NA,NA,NA,SJER.20170219.R1080.F,NA,fresh,SJER.20170219.R1080.E,NA,NA,NA,NA,NA,NA,Frosenbower@field-ops.org,auccello@field-ops.org,NA,NA
677e9dc4-49ff-4e27-9d30-87fa865a8807,9b5387b5-e8f6-418c-aac7-ce3429c8f2ee,SJER_033.mammalGrid.mam,D17,SJER,SJER_033,H10,distributed,grasslandHerbaceous,37.081572,-119.715119,WGS84,45.1,324.2,0.1,4 - more than 1 capture in one trap,ShermanXLK,2/19/2017,2/19/2017,NEON.MAM.D17.R1063,NA,REME,Reithrodontomys megalotis,species,NA,NA,N,M,Y,processed,NA,adult,nonscrotal,NA,NA,NA,15,10,77,133,10,N,N,N,NA,NA,NA,SJER.20170219.R1063.F,NA,fresh,NA,NA,NA,NA,NA,NA,NA,Frosenbower@field-ops.org,auccello@field-ops.org,NA,NA
0ed49879-ddcb-42cd-ab56-6ad51d17e31a,9b5387b5-e8f6-418c-aac7-ce3429c8f2ee,SJER_033.mammalGrid.mam,D17,SJER,SJER_033,J2,distributed,grasslandHerbaceous,37.081572,-119.715119,WGS84,45.1,324.2,0.1,5 - capture,ShermanXLK,2/19/2017,2/19/2017,NEON.MAM.D17.R1071,NA,REME,Reithrodontomys megalotis,species,NA,NA,N,M,Y,processed,NA,adult,nonscrotal,NA,NA,NA,17,11,71,138,11,N,N,N,NA,NA,NA,SJER.20170219.R1071.F,NA,fresh,NA,NA,NA,NA,NA,NA,NA,Frosenbower@field-ops.org,auccello@field-ops.org,NA,NA
57944e2d-fcf1-42a4-9022-13cafbdfcc4a,9b5387b5-e8f6-418c-aac7-ce3429c8f2ee,SJER_033.mammalGrid.mam,D17,SJER,SJER_033,J7,distributed,grasslandHerbaceous,37.081572,-119.715119,WGS84,45.1,324.2,0.1,5 - capture,ShermanXLK,2/19/2017,2/19/2017,NEON.MAM.D17.R1031,NA,PEMA,Peromyscus maniculatus,species,NA,NA,N,M,N,processed,NA,adult,nonscrotal,NA,NA,NA,16,14,52,119,12,N,N,N,SJER.20170219.R1031.B,NA,mandibular,NA,NA,NA,SJER.20170219.R1031.E,NA,SJER.20170219.R1031.H,NA,NA,NA,NA,Frosenbower@field-ops.org,auccello@field-ops.org,NA,NA
0b8ff774-ea78-45ee-9a79-d1d1e8d56d0e,9b5387b5-e8f6-418c-aac7-ce3429c8f2ee,SJER_033.mammalGrid.mam,D17,SJER,SJER_033,E10,distributed,grasslandHerbaceous,37.081572,-119.715119,WGS84,45.1,324.2,0.1,5 - capture,ShermanXLK,2/19/2017,2/19/2017,NEON.MAM.D17.L1033,NA,REME,Reithrodontomys megalotis,species,NA,NA,N,M,N,processed,NA,adult,nonscrotal,NA,NA,NA,15,11,65,117,8,N,N,N,NA,NA,NA,SJER.20170219.L1033.F,NA,fresh,NA,NA,NA,NA,NA,NA,NA,Frosenbower@field-ops.org,auccello@field-ops.org,NA,NA
984d2c62-4c70-412c-9119-ce6eecc1fb83,9b5387b5-e8f6-418c-aac7-ce3429c8f2ee,SJER_033.mammalGrid.mam,D17,SJER,SJER_033,H10,distributed,grasslandHerbaceous,37.081572,-119.715119,WGS84,45.1,324.2,0.1,4 - more than 1 capture in one trap,ShermanXLK,2/19/2017,2/19/2017,NEON.MAM.D17.R1075,NA,REME,Reithrodontomys megalotis,species,NA,NA,N,F,Y,processed,NA,adult,NA,nonenlarged,not,neither,17,9,66,128,10,N,N,N,NA,NA,NA,SJER.20170219.R1075.F,NA,fresh,NA,NA,NA,NA,NA,NA,NA,Frosenbower@field-ops.org,auccello@field-ops.org,NA,NA
df34e075-8ec8-4453-b678-a4994f43be36,2eeed629-2708-4849-835b-2ee99878cffb,SJER_010.mammalGrid.mam,D17,SJER,SJER_010,D8,distributed,evergreenForest,37.128448,-119.7478,WGS84,45.1,418.1,0.1,5 - capture,ShermanXLK,2/19/2017,2/19/2017,NEON.MAM.D17.R1237,NA,CHCA,Chaetodipus californicus,species,NA,NA,N,F,N,processed,NA,adult,NA,nonenlarged,not,swollen,22,9,131,195,26,N,N,N,NA,NA,NA,SJER.20170219.R1237.F,NA,fresh,SJER.20170219.R1237.E,NA,NA,NA,NA,NA,NA,Eartz@neoninc.org,krian@neoninc.org,NA,NA
51dcbc16-29f4-48db-83dd-5fdb11fd9bb8,2eeed629-2708-4849-835b-2ee99878cffb,SJER_010.mammalGrid.mam,D17,SJER,SJER_010,F1,distributed,evergreenForest,37.128448,-119.7478,WGS84,45.1,418.1,0.1,5 - capture,ShermanXLK,2/19/2017,2/19/2017,NEON.MAM.D17.R1246,NA,REME,Reithrodontomys megalotis,species,NA,NA,N,M,N,processed,NA,adult,nonscrotal,NA,NA,NA,13,11,62,112,9,N,N,N,NA,NA,NA,NA,NA,NA,SJER.20170219.R1246.E,NA,NA,NA,NA,NA,NA,Eartz@neoninc.org,krian@neoninc.org,NA,NA
005ea2f2-4138-49d1-b913-b0b2d390d6ed,2eeed629-2708-4849-835b-2ee99878cffb,SJER_010.mammalGrid.mam,D17,SJER,SJER_010,H6,distributed,evergreenForest,37.128448,-119.7478,WGS84,45.1,418.1,0.1,5 - capture,ShermanXLK,2/19/2017,2/19/2017,NEON.MAM.D17.R1231,NA,REME,Reithrodontomys megalotis,species,NA,NA,N,M,N,processed,NA,adult,nonscrotal,NA,NA,NA,8,9,61,110,10,N,N,N,NA,NA,NA,SJER.20170219.R1231.F,NA,fresh,SJER.20170219.R1231.E,NA,NA,NA,NA,NA,NA,Eartz@neoninc.org,krian@neoninc.org,NA,NA
24157e9b-1190-42ea-b66d-250a3f831466,2eeed629-2708-4849-835b-2ee99878cffb,SJER_010.mammalGrid.mam,D17,SJER,SJER_010,I6,distributed,evergreenForest,37.128448,-119.7478,WGS84,45.1,418.1,0.1,5 - capture,ShermanXLK,2/19/2017,2/19/2017,NEON.MAM.D17.R1238,NA,REME,Reithrodontomys megalotis,species,NA,NA,N,F,N,processed,NA,adult,NA,enlarged,pregnant,swollen,14,11,63,113,12,N,N,N,NA,NA,NA,SJER.20170219.R1238.F,NA,fresh,SJER.20170219.R1238.E,NA,NA,NA,NA,NA,NA,Eartz@neoninc.org,krian@neoninc.org,NA,NA
4d2e2df9-77ef-4204-9cac-f9789bac6fcc,9b5387b5-e8f6-418c-aac7-ce3429c8f2ee,SJER_033.mammalGrid.mam,D17,SJER,SJER_033,D7,distributed,grasslandHerbaceous,37.081572,-119.715119,WGS84,45.1,324.2,0.1,5 - capture,ShermanXLK,2/19/2017,2/19/2017,NEON.MAM.D17.R1067,NA,REME,Reithrodontomys megalotis,species,NA,NA,N,M,N,processed,NA,adult,nonscrotal,NA,NA,NA,16,9,67,128,9,N,N,N,NA,NA,NA,SJER.20170219.R1067.F,NA,fresh,SJER.20170219.R1067.E,NA,NA,NA,NA,NA,NA,Frosenbower@field-ops.org,auccello@field-ops.org,NA,NA
3cb97db6-d723-4625-988c-42c2bdeec9e6,61eddc82-292c-417d-aaf6-0753b90e33ec,SJER_032.mammalGrid.mam,D17,SJER,SJER_032,J10,distributed,grasslandHerbaceous,37.092605,-119.744726,WGS84,45.1,344.8,0.1,5 - capture,ShermanXLK,2/20/2017,2/20/2017,NEON.MAM.D17.R1208,NA,PEBO,Peromyscus boylii,species,NA,NA,N,M,Y,processed,NA,adult,scrotal,NA,NA,NA,21,18,95,NA,24,N,N,N,NA,NA,NA,SJER.20170220.R1208.F,NA,fresh,NA,NA,NA,NA,NA,NA,NA,auccello@field-ops.org,Severett@battelleecology.org,NA,NA
ef9adfb2-6462-4473-9d23-3ac9dc270e44,61eddc82-292c-417d-aaf6-0753b90e33ec,SJER_032.mammalGrid.mam,D17,SJER,SJER_032,H6,distributed,grasslandHerbaceous,37.092605,-119.744726,WGS84,45.1,344.8,0.1,5 - capture,ShermanXLK,2/20/2017,2/20/2017,NEON.MAM.D17.R1974,NA,PEBO,Peromyscus boylii,species,NA,NA,N,M,Y,processed,NA,adult,scrotal,NA,NA,NA,22,16,97,NA,25,N,N,N,NA,NA,NA,SJER.20170220.R1974.F,NA,fresh,NA,NA,NA,NA,NA,NA,NA,auccello@field-ops.org,Severett@battelleecology.org,NA,NA
ed5da7b9-41e3-417c-99ed-bbd6dbcd7652,61eddc82-292c-417d-aaf6-0753b90e33ec,SJER_032.mammalGrid.mam,D17,SJER,SJER_032,I2,distributed,grasslandHerbaceous,37.092605,-119.744726,WGS84,45.1,344.8,0.1,5 - capture,ShermanXLK,2/20/2017,2/20/2017,NEON.MAM.D17.R1128,NA,PEBO,Peromyscus boylii,species,NA,NA,N,F,Y,processed,NA,adult,NA,nonenlarged,not,swollen,22,17,116,NA,19,N,N,N,SJER.20170220.R1128.B,NA,mandibular,NA,NA,NA,NA,NA,SJER.20170220.R1128.H,NA,NA,NA,NA,auccello@field-ops.org,Severett@battelleecology.org,NA,NA
7479dae8-7cc0-4874-b94f-1d622898c57e,61eddc82-292c-417d-aaf6-0753b90e33ec,SJER_032.mammalGrid.mam,D17,SJER,SJER_032,J7,distributed,grasslandHerbaceous,37.092605,-119.744726,WGS84,45.1,344.8,0.1,5 - capture,ShermanXLK,2/20/2017,2/20/2017,NEON.MAM.D17.R1241,NA,PEBO,Peromyscus boylii,species,NA,NA,N,F,Y,released,NA,adult,NA,nonenlarged,not,swollen,21,18,73,NA,26,Y,N,N,NA,NA,NA,NA,NA,NA,NA,NA,NA,NA,NA,NA,NA,auccello@field-ops.org,Severett@battelleecology.org,NA,NA
78da86b7-c994-406f-aae9-f069d739d52d,61eddc82-292c-417d-aaf6-0753b90e33ec,SJER_032.mammalGrid.mam,D17,SJER,SJER_032,H9,distributed,grasslandHerbaceous,37.092605,-119.744726,WGS84,45.1,344.8,0.1,5 - capture,ShermanXLK,2/20/2017,2/20/2017,NEON.MAM.D17.R1099,NA,PEMA,Peromyscus maniculatus,species,NA,NA,N,F,Y,processed,NA,adult,NA,nonenlarged,not,swollen,19,16,65,NA,16,N,N,N,SJER.20170220.R1099.B,NA,mandibular,SJER.20170220.R1099.F,NA,fresh,NA,NA,SJER.20170220.R1099.H,NA,NA,NA,NA,auccello@field-ops.org,Severett@battelleecology.org,NA,NA
a6f1b706-3c1a-4ff7-8651-acdd0a031916,61eddc82-292c-417d-aaf6-0753b90e33ec,SJER_032.mammalGrid.mam,D17,SJER,SJER_032,H5,distributed,grasslandHerbaceous,37.092605,-119.744726,WGS84,45.1,344.8,0.1,5 - capture,ShermanXLK,2/20/2017,2/20/2017,NEON.MAM.D17.R1229,NA,PEBO,Peromyscus boylii,species,NA,NA,N,F,N,processed,NA,adult,NA,nonenlarged,not,swollen,21,17,107,NA,28,N,N,N,SJER.20170220.R1229.B,NA,mandibular,SJER.20170220.R1229.F,NA,fresh,SJER.20170220.R1229.E,NA,SJER.20170220.R1229.H,NA,NA,NA,NA,auccello@field-ops.org,Severett@battelleecology.org,NA,NA
a93022f4-1aba-4e2a-9081-b5e7111acc13,87767948-3c83-46f2-b00b-3e5014b2beb7,SJER_033.mammalGrid.mam,D17,SJER,SJER_033,H6,distributed,grasslandHerbaceous,37.081572,-119.715119,WGS84,45.1,324.2,0.1,5 - capture,ShermanXLK,2/20/2017,2/20/2017,NEON.MAM.D17.R1031,NA,PEMA,Peromyscus maniculatus,species,NA,NA,N,M,Y,processed,NA,adult,nonscrotal,NA,NA,NA,17,17,NA,NA,13,N,N,N,NA,NA,NA,NA,NA,NA,NA,NA,SJER.20170220.R1031.H,NA,NA,NA,NA,Eartz@neoninc.org,Mtreece@battelleecology.org,NA,NA
9c81620a-d7dd-4be0-a5fd-ed363a82607e,87767948-3c83-46f2-b00b-3e5014b2beb7,SJER_033.mammalGrid.mam,D17,SJER,SJER_033,E10,distributed,grasslandHerbaceous,37.081572,-119.715119,WGS84,45.1,324.2,0.1,5 - capture,ShermanXLK,2/20/2017,2/20/2017,NEON.MAM.D17.L1033,NA,REME,Reithrodontomys megalotis,species,NA,NA,N,M,Y,processed,NA,adult,scrotal,NA,NA,NA,16,11,NA,NA,8,N,N,N,NA,NA,NA,SJER.20170220.L1033.F,NA,fresh,NA,NA,NA,NA,NA,NA,NA,Eartz@neoninc.org,Mtreece@battelleecology.org,NA,NA
4f60a921-8648-484e-a9f8-f4f8f1ae18b6,87767948-3c83-46f2-b00b-3e5014b2beb7,SJER_033.mammalGrid.mam,D17,SJER,SJER_033,C7,distributed,grasslandHerbaceous,37.081572,-119.715119,WGS84,45.1,324.2,0.1,5 - capture,ShermanXLK,2/20/2017,2/20/2017,NEON.MAM.D17.R1067,NA,REME,Reithrodontomys megalotis,species,NA,NA,N,M,Y,processed,NA,adult,nonscrotal,NA,NA,NA,16,6,NA,NA,10,N,N,N,NA,NA,NA,SJER.20170220.R1067.F,NA,fresh,NA,NA,NA,NA,NA,NA,NA,Eartz@neoninc.org,Mtreece@battelleecology.org,NA,NA
6126d072-b46a-4980-9a43-f5f9c1d64404,4ade5e59-72e0-4f6a-8fca-13a2427953c4,SJER_006.mammalGrid.mam,D17,SJER,SJER_006,A2,distributed,grasslandHerbaceous,37.101706,-119.749027,WGS84,45.1,386.6,0.1,5 - capture,ShermanXLK,2/20/2017,2/20/2017,NEON.MAM.D17.R1292,NA,PEBO,Peromyscus boylii,species,NA,NA,N,M,N,released,NA,adult,nonscrotal,NA,NA,NA,19,NA,NA,NA,23,N,N,N,NA,NA,NA,NA,NA,NA,NA,NA,NA,NA,NA,NA,NA,Eartz@neoninc.org,Mtreece@battelleecology.org,lost part of tail - likely old injury,NA
97db77b1-6e34-4117-aef0-fb4854bd8578,4ade5e59-72e0-4f6a-8fca-13a2427953c4,SJER_006.mammalGrid.mam,D17,SJER,SJER_006,C4,distributed,grasslandHerbaceous,37.101706,-119.749027,WGS84,45.1,386.6,0.1,5 - capture,ShermanXLK,2/20/2017,2/20/2017,NEON.MAM.D17.R1282,NA,PEMA,Peromyscus maniculatus,species,NA,NA,N,M,N,released,NA,adult,scrotal,NA,NA,NA,18,NA,NA,NA,21,N,N,N,NA,NA,NA,NA,NA,NA,NA,NA,NA,NA,NA,NA,NA,Eartz@neoninc.org,Mtreece@battelleecology.org,NA,NA
4c6380dd-f7b4-444a-90a1-155ff328cd8f,4ade5e59-72e0-4f6a-8fca-13a2427953c4,SJER_006.mammalGrid.mam,D17,SJER,SJER_006,D4,distributed,grasslandHerbaceous,37.101706,-119.749027,WGS84,45.1,386.6,0.1,5 - capture,ShermanXLK,2/20/2017,2/20/2017,NEON.MAM.D17.R1281,NA,PEBO,Peromyscus boylii,species,NA,NA,N,F,N,processed,NA,adult,NA,enlarged,pregnant,swollen,20,NA,NA,NA,25,N,N,N,NA,NA,NA,SJER.20170220.R1281.F,NA,fresh,SJER.20170220.R1281.E,NA,SJER.20170220.R1281.H,NA,NA,NA,NA,Eartz@neoninc.org,Mtreece@battelleecology.org,NA,NA
11de10d0-675c-43bd-94a2-09a6300b3c86,4ade5e59-72e0-4f6a-8fca-13a2427953c4,SJER_006.mammalGrid.mam,D17,SJER,SJER_006,C5,distributed,grasslandHerbaceous,37.101706,-119.749027,WGS84,45.1,386.6,0.1,5 - capture,ShermanXLK,2/20/2017,2/20/2017,NEON.MAM.D17.R1279,NA,PEMA,Peromyscus maniculatus,species,cf. species,NA,N,F,N,released,NA,adult,NA,nonenlarged,not,swollen,17,NA,NA,NA,19,N,N,N,NA,NA,NA,SJER.20170220.R1279.F,NA,fresh,NA,NA,NA,NA,NA,NA,NA,Eartz@neoninc.org,Mtreece@battelleecology.org,NA,NA
8256f267-10fa-4d73-bdd0-d08869870b2b,4ade5e59-72e0-4f6a-8fca-13a2427953c4,SJER_006.mammalGrid.mam,D17,SJER,SJER_006,E9,distributed,grasslandHerbaceous,37.101706,-119.749027,WGS84,45.1,386.6,0.1,5 - capture,ShermanXLK,2/20/2017,2/20/2017,NEON.MAM.D17.R1295,NA,PEMA,Peromyscus maniculatus,species,NA,NA,N,F,N,released,NA,adult,NA,nonenlarged,not,swollen,17,NA,NA,NA,14,N,N,N,NA,NA,NA,SJER.20170220.R1295.F,NA,fresh,NA,NA,NA,NA,NA,NA,NA,Eartz@neoninc.org,Mtreece@battelleecology.org,NA,NA
cec783bd-5358-4de2-ab38-996b21f5f39f,4ade5e59-72e0-4f6a-8fca-13a2427953c4,SJER_006.mammalGrid.mam,D17,SJER,SJER_006,A3,distributed,grasslandHerbaceous,37.101706,-119.749027,WGS84,45.1,386.6,0.1,5 - capture,ShermanXLK,2/20/2017,2/20/2017,NEON.MAM.D17.R1242,NA,PEBO,Peromyscus boylii,species,NA,NA,N,F,N,released,NA,adult,NA,nonenlarged,not,neither,18,NA,NA,NA,20,N,N,N,NA,NA,NA,NA,NA,NA,NA,NA,NA,NA,NA,NA,NA,Eartz@neoninc.org,Mtreece@battelleecology.org,NA,NA
e0e121a5-90f1-4b4b-a583-afb2d6cf8789,4ade5e59-72e0-4f6a-8fca-13a2427953c4,SJER_006.mammalGrid.mam,D17,SJER,SJER_006,D1,distributed,grasslandHerbaceous,37.101706,-119.749027,WGS84,45.1,386.6,0.1,5 - capture,ShermanXLK,2/20/2017,2/20/2017,NEON.MAM.D17.R1228,NA,PEMA,Peromyscus maniculatus,species,NA,NA,N,F,N,processed,NA,adult,NA,nonenlarged,not,swollen,20,NA,NA,NA,19,N,N,N,NA,NA,NA,NA,NA,NA,SJER.20170220.R1228.E,NA,SJER.20170220.R1228.H,NA,NA,NA,NA,Eartz@neoninc.org,Mtreece@battelleecology.org,NA,NA
ce5f3771-bc4c-406c-bcf8-1b3f1d3131eb,4ade5e59-72e0-4f6a-8fca-13a2427953c4,SJER_006.mammalGrid.mam,D17,SJER,SJER_006,D5,distributed,grasslandHerbaceous,37.101706,-119.749027,WGS84,45.1,386.6,0.1,5 - capture,ShermanXLK,2/20/2017,2/20/2017,NEON.MAM.D17.R1280,NA,PEBO,Peromyscus boylii,species,NA,NA,N,M,N,processed,NA,adult,scrotal,NA,NA,NA,21,NA,NA,NA,30,N,N,N,NA,NA,NA,NA,NA,NA,SJER.20170220.R1280.E,NA,SJER.20170220.R1280.H,NA,NA,NA,NA,Eartz@neoninc.org,Mtreece@battelleecology.org,NA,NA
464041fe-dcac-4ae8-a1af-5a96d86c9098,87767948-3c83-46f2-b00b-3e5014b2beb7,SJER_033.mammalGrid.mam,D17,SJER,SJER_033,J2,distributed,grasslandHerbaceous,37.081572,-119.715119,WGS84,45.1,324.2,0.1,5 - capture,ShermanXLK,2/20/2017,2/20/2017,NEON.MAM.D17.R1071,NA,REME,Reithrodontomys megalotis,species,cf. species,NA,N,M,Y,processed,NA,adult,nonscrotal,NA,NA,NA,16,13,74,129,11,N,N,N,NA,NA,NA,SJER.20170220.R1071.F,NA,fresh,NA,NA,NA,NA,NA,NA,NA,Eartz@neoninc.org,Mtreece@battelleecology.org,NA,NA
7508ff1c-ee9f-4d97-b7c5-352946c54523,87767948-3c83-46f2-b00b-3e5014b2beb7,SJER_033.mammalGrid.mam,D17,SJER,SJER_033,H9,distributed,grasslandHerbaceous,37.081572,-119.715119,WGS84,45.1,324.2,0.1,5 - capture,ShermanXLK,2/20/2017,2/20/2017,NEON.MAM.D17.R1063,NA,REME,Reithrodontomys megalotis,species,NA,NA,N,M,Y,processed,NA,adult,nonscrotal,NA,NA,NA,14,11,NA,NA,9,N,N,N,NA,NA,NA,SJER.20170220.R1063.F,NA,fresh,NA,NA,NA,NA,NA,NA,NA,Eartz@neoninc.org,Mtreece@battelleecology.org,NA,NA
883b75cf-1786-40f8-99f0-06014eb3c738,87767948-3c83-46f2-b00b-3e5014b2beb7,SJER_033.mammalGrid.mam,D17,SJER,SJER_033,I8,distributed,grasslandHerbaceous,37.081572,-119.715119,WGS84,45.1,324.2,0.1,5 - capture,ShermanXLK,2/20/2017,2/20/2017,NEON.MAM.D17.R1038,NA,PETR,Peromyscus truei,species,NA,NA,N,F,N,processed,NA,adult,NA,nonenlarged,not,neither,20,24,NA,NA,30,N,N,N,SJER.20170220.R1038.B,NA,mandibular,SJER.20170220.R1038.F,NA,fresh,SJER.20170220.R1038.E,NA,SJER.20170220.R1038.H,NA,NA,NA,NA,Eartz@neoninc.org,Mtreece@battelleecology.org,NA,NA
9b807ef6-e1e7-4cdd-bfb0-1f7d0b9a9a86,4ade5e59-72e0-4f6a-8fca-13a2427953c4,SJER_006.mammalGrid.mam,D17,SJER,SJER_006,J6,distributed,grasslandHerbaceous,37.101706,-119.749027,WGS84,45.1,386.6,0.1,5 - capture,ShermanXLK,2/20/2017,2/20/2017,NEON.MAM.D17.R1285,NA,PEMA,Peromyscus maniculatus,species,NA,NA,N,F,N,released,NA,adult,NA,nonenlarged,not,swollen,19,NA,NA,NA,16,N,N,N,NA,NA,NA,NA,NA,NA,NA,NA,NA,NA,NA,NA,NA,Eartz@neoninc.org,Mtreece@battelleecology.org,NA,NA
4d64437b-f15e-4309-b393-0a2116d86f0a,4ade5e59-72e0-4f6a-8fca-13a2427953c4,SJER_006.mammalGrid.mam,D17,SJER,SJER_006,J1,distributed,grasslandHerbaceous,37.101706,-119.749027,WGS84,45.1,386.6,0.1,5 - capture,ShermanXLK,2/20/2017,2/20/2017,NEON.MAM.D17.R1293,NA,PEMA,Peromyscus maniculatus,species,NA,NA,N,F,N,released,NA,adult,NA,unknown,unknown,unknown,NA,NA,NA,NA,NA,U,U,U,NA,NA,NA,NA,NA,NA,NA,NA,NA,NA,NA,NA,NA,Eartz@neoninc.org,Mtreece@battelleecology.org,released without full processing due to cold stress,NA
e4a7ab77-ec83-4b59-8e91-046bf4850833,4ade5e59-72e0-4f6a-8fca-13a2427953c4,SJER_006.mammalGrid.mam,D17,SJER,SJER_006,H6,distributed,grasslandHerbaceous,37.101706,-119.749027,WGS84,45.1,386.6,0.1,5 - capture,ShermanXLK,2/20/2017,2/20/2017,NEON.MAM.D17.R1290,NA,PEMA,Peromyscus maniculatus,species,NA,NA,N,F,N,released,NA,subadult,NA,nonenlarged,not,neither,19,NA,NA,NA,16,N,N,N,NA,NA,NA,NA,NA,NA,NA,NA,NA,NA,NA,NA,NA,Eartz@neoninc.org,Mtreece@battelleecology.org,NA,NA
c0066840-2c9f-489c-beef-dd7ef6f422d5,4ade5e59-72e0-4f6a-8fca-13a2427953c4,SJER_006.mammalGrid.mam,D17,SJER,SJER_006,J2,distributed,grasslandHerbaceous,37.101706,-119.749027,WGS84,45.1,386.6,0.1,5 - capture,ShermanXLK,2/20/2017,2/20/2017,NEON.MAM.D17.R1286,NA,PEBO,Peromyscus boylii,species,NA,NA,N,M,N,processed,NA,adult,nonscrotal,NA,NA,NA,20,NA,NA,NA,25,N,N,N,NA,NA,NA,NA,NA,NA,SJER.20170220.R1286.E,NA,SJER.20170220.R1286.H,NA,NA,NA,NA,Eartz@neoninc.org,Mtreece@battelleecology.org,NA,NA
6d8da45c-0d0f-445c-ad5f-337ea60b2d60,4ade5e59-72e0-4f6a-8fca-13a2427953c4,SJER_006.mammalGrid.mam,D17,SJER,SJER_006,I8,distributed,grasslandHerbaceous,37.101706,-119.749027,WGS84,45.1,386.6,0.1,5 - capture,ShermanXLK,2/20/2017,2/20/2017,NEON.MAM.D17.R1297,NA,PEBO,Peromyscus boylii,species,NA,NA,N,M,N,released,NA,adult,scrotal,NA,NA,NA,21,NA,NA,NA,27,N,N,N,NA,NA,NA,NA,NA,NA,NA,NA,NA,NA,NA,NA,NA,Eartz@neoninc.org,Mtreece@battelleecology.org,NA,NA
09802b0d-584d-4561-8f2a-a1aefae7aeb4,4ade5e59-72e0-4f6a-8fca-13a2427953c4,SJER_006.mammalGrid.mam,D17,SJER,SJER_006,I1,distributed,grasslandHerbaceous,37.101706,-119.749027,WGS84,45.1,386.6,0.1,5 - capture,ShermanXLK,2/20/2017,2/20/2017,NEON.MAM.D17.R1236,NA,PEMA,Peromyscus maniculatus,species,NA,NA,N,M,N,released,NA,adult,scrotal,NA,NA,NA,17,NA,NA,NA,17,N,N,N,NA,NA,NA,NA,NA,NA,NA,NA,NA,NA,NA,NA,NA,Eartz@neoninc.org,Mtreece@battelleecology.org,NA,NA
44ff2715-99c5-4271-9f91-ee71208a165b,4ade5e59-72e0-4f6a-8fca-13a2427953c4,SJER_006.mammalGrid.mam,D17,SJER,SJER_006,H9,distributed,grasslandHerbaceous,37.101706,-119.749027,WGS84,45.1,386.6,0.1,5 - capture,ShermanXLK,2/20/2017,2/20/2017,NEON.MAM.D17.R1294,NA,PEMA,Peromyscus maniculatus,species,NA,NA,N,F,N,released,NA,adult,NA,nonenlarged,not,neither,17,NA,NA,NA,16,N,N,N,NA,NA,NA,SJER.20170220.R1294.F,NA,fresh,NA,NA,NA,NA,NA,NA,NA,Eartz@neoninc.org,Mtreece@battelleecology.org,NA,NA
70d20235-4f87-455f-b73b-b5e60577966b,4ade5e59-72e0-4f6a-8fca-13a2427953c4,SJER_006.mammalGrid.mam,D17,SJER,SJER_006,I6,distributed,grasslandHerbaceous,37.101706,-119.749027,WGS84,45.1,386.6,0.1,5 - capture,ShermanXLK,2/20/2017,2/20/2017,NEON.MAM.D17.R1227,NA,PEMA,Peromyscus maniculatus,species,NA,NA,N,M,N,processed,NA,adult,nonscrotal,NA,NA,NA,17,NA,NA,NA,20,N,N,N,NA,NA,NA,SJER.20170220.R1227.F,NA,fresh,SJER.20170220.R1227.E,NA,SJER.20170220.R1227.H,NA,NA,NA,NA,Eartz@neoninc.org,Mtreece@battelleecology.org,fleas present,NA
03b3f99a-9034-4e17-88b1-5a61940a3a2e,4ade5e59-72e0-4f6a-8fca-13a2427953c4,SJER_006.mammalGrid.mam,D17,SJER,SJER_006,H8,distributed,grasslandHerbaceous,37.101706,-119.749027,WGS84,45.1,386.6,0.1,5 - capture,ShermanXLK,2/20/2017,2/20/2017,NEON.MAM.D17.R1226,NA,PEMA,Peromyscus maniculatus,species,NA,NA,N,M,N,processed,NA,adult,nonscrotal,NA,NA,NA,17,NA,NA,NA,19,N,N,N,NA,NA,NA,SJER.20170220.R1226.F,NA,fresh,SJER.20170220.R1226.E,NA,SJER.20170220.R1226.H,NA,NA,NA,NA,Eartz@neoninc.org,Mtreece@battelleecology.org,NA,NA
ddf26449-011f-44b6-8d77-b77ceaee9931,4ade5e59-72e0-4f6a-8fca-13a2427953c4,SJER_006.mammalGrid.mam,D17,SJER,SJER_006,G1,distributed,grasslandHerbaceous,37.101706,-119.749027,WGS84,45.1,386.6,0.1,5 - capture,ShermanXLK,2/20/2017,2/20/2017,NEON.MAM.D17.R1283,NA,PEMA,Peromyscus maniculatus,species,NA,NA,N,F,N,released,NA,subadult,NA,nonenlarged,not,neither,15,NA,NA,NA,11,N,N,N,NA,NA,NA,NA,NA,NA,NA,NA,NA,NA,NA,NA,NA,Eartz@neoninc.org,Mtreece@battelleecology.org,NA,NA
d898e01e-1c73-4e70-a192-f1bce17bba4e,4ade5e59-72e0-4f6a-8fca-13a2427953c4,SJER_006.mammalGrid.mam,D17,SJER,SJER_006,G5,distributed,grasslandHerbaceous,37.101706,-119.749027,WGS84,45.1,386.6,0.1,5 - capture,ShermanXLK,2/20/2017,2/20/2017,NEON.MAM.D17.R1225,NA,PEMA,Peromyscus maniculatus,species,NA,NA,N,F,N,released,NA,adult,NA,nonenlarged,not,neither,16,NA,NA,NA,15,N,N,N,NA,NA,NA,NA,NA,NA,NA,NA,NA,NA,NA,NA,NA,Eartz@neoninc.org,Mtreece@battelleecology.org,NA,NA
f85341a2-340b-4872-9272-6e24e500d1a3,4ade5e59-72e0-4f6a-8fca-13a2427953c4,SJER_006.mammalGrid.mam,D17,SJER,SJER_006,G2,distributed,grasslandHerbaceous,37.101706,-119.749027,WGS84,45.1,386.6,0.1,5 - capture,ShermanXLK,2/20/2017,2/20/2017,NEON.MAM.D17.R1298,NA,PEBO,Peromyscus boylii,species,NA,NA,N,M,N,released,NA,adult,scrotal,NA,NA,NA,21,NA,NA,NA,30,N,N,N,NA,NA,NA,NA,NA,NA,NA,NA,NA,NA,NA,NA,NA,Eartz@neoninc.org,Mtreece@battelleecology.org,NA,NA
7cc3435e-558b-4e81-be57-172cfd9ebaa2,4ade5e59-72e0-4f6a-8fca-13a2427953c4,SJER_006.mammalGrid.mam,D17,SJER,SJER_006,F6,distributed,grasslandHerbaceous,37.101706,-119.749027,WGS84,45.1,386.6,0.1,5 - capture,ShermanXLK,2/20/2017,2/20/2017,NEON.MAM.D17.R1278,NA,REME,Reithrodontomys megalotis,species,NA,NA,N,M,N,released,NA,adult,nonscrotal,NA,NA,NA,14,NA,NA,NA,9,N,N,N,NA,NA,NA,SJER.20170220.R1278.F,NA,fresh,NA,NA,NA,NA,NA,NA,NA,Eartz@neoninc.org,Mtreece@battelleecology.org,NA,NA
9ddec352-2016-46c4-a099-072243b1fc5f,4ade5e59-72e0-4f6a-8fca-13a2427953c4,SJER_006.mammalGrid.mam,D17,SJER,SJER_006,B1,distributed,grasslandHerbaceous,37.101706,-119.749027,WGS84,45.1,386.6,0.1,5 - capture,ShermanXLK,2/20/2017,2/20/2017,NEON.MAM.D17.R1276,NA,PEBO,Peromyscus boylii,species,NA,NA,N,M,N,processed,NA,adult,scrotal,NA,NA,NA,26,NA,NA,NA,26,N,N,N,NA,NA,NA,NA,NA,NA,SJER.20170220.R1276.E,NA,SJER.20170220.R1276.H,NA,NA,NA,NA,Eartz@neoninc.org,Mtreece@battelleecology.org,NA,NA
3d0b6e64-638e-42b2-8390-cba8755be694,4ade5e59-72e0-4f6a-8fca-13a2427953c4,SJER_006.mammalGrid.mam,D17,SJER,SJER_006,E7,distributed,grasslandHerbaceous,37.101706,-119.749027,WGS84,45.1,386.6,0.1,5 - capture,ShermanXLK,2/20/2017,2/20/2017,NEON.MAM.D17.R1299,NA,PEMA,Peromyscus maniculatus,species,NA,NA,N,M,N,released,NA,adult,scrotal,NA,NA,NA,20,NA,NA,NA,23,N,N,N,NA,NA,NA,SJER.20170220.R1299.F,NA,fresh,NA,NA,NA,NA,NA,NA,NA,Eartz@neoninc.org,Mtreece@battelleecology.org,NA,NA
59e1ff57-d9b8-4623-9e78-9b4adc2dd1b4,4ade5e59-72e0-4f6a-8fca-13a2427953c4,SJER_006.mammalGrid.mam,D17,SJER,SJER_006,D2,distributed,grasslandHerbaceous,37.101706,-119.749027,WGS84,45.1,386.6,0.1,5 - capture,ShermanXLK,2/20/2017,2/20/2017,NEON.MAM.D17.R1234,NA,PEMA,Peromyscus maniculatus,species,NA,NA,N,M,N,processed,NA,adult,scrotal,NA,NA,NA,19,NA,NA,NA,21,N,N,N,NA,NA,NA,SJER.20170220.R1234.F,NA,fresh,SJER.20170220.R1234.E,NA,SJER.20170220.R1234.H,NA,NA,NA,NA,Eartz@neoninc.org,Mtreece@battelleecology.org,NA,NA
0c0a8f13-c2f5-4814-a574-7056217c2a06,4ade5e59-72e0-4f6a-8fca-13a2427953c4,SJER_006.mammalGrid.mam,D17,SJER,SJER_006,B6,distributed,grasslandHerbaceous,37.101706,-119.749027,WGS84,45.1,386.6,0.1,5 - capture,ShermanXLK,2/20/2017,2/20/2017,NEON.MAM.D17.R1284,NA,PEBO,Peromyscus boylii,species,cf. species,NA,N,F,N,processed,NA,adult,NA,nonenlarged,not,plugged,17,NA,NA,NA,23,N,N,N,NA,NA,NA,SJER.20170220.R1284.F,NA,fresh,SJER.20170220.R1284.E,NA,SJER.20170220.R1284.H,NA,NA,NA,NA,Eartz@neoninc.org,Mtreece@battelleecology.org,NA,NA
3f52a693-6e5b-4219-a3ac-f60e6cc943e7,61eddc82-292c-417d-aaf6-0753b90e33ec,SJER_032.mammalGrid.mam,D17,SJER,SJER_032,J6,distributed,grasslandHerbaceous,37.092605,-119.744726,WGS84,45.1,344.8,0.1,5 - capture,ShermanXLK,2/20/2017,2/20/2017,NEON.MAM.D17.R1095,NA,REME,Reithrodontomys megalotis,species,NA,NA,N,F,Y,processed,NA,adult,NA,nonenlarged,not,swollen,15,12,78,NA,13,N,N,N,NA,NA,NA,SJER.20170220.R1095.F,NA,fresh,NA,NA,NA,NA,NA,NA,NA,auccello@field-ops.org,Severett@battelleecology.org,NA,NA
ca42f656-cdfd-4f81-9cf6-4c9763622d15,61eddc82-292c-417d-aaf6-0753b90e33ec,SJER_032.mammalGrid.mam,D17,SJER,SJER_032,H4,distributed,grasslandHerbaceous,37.092605,-119.744726,WGS84,45.1,344.8,0.1,5 - capture,ShermanXLK,2/20/2017,2/20/2017,NEON.MAM.D17.R1150,NA,PEBO,Peromyscus boylii,species,NA,NA,N,M,Y,processed,NA,adult,scrotal,NA,NA,NA,21,19,109,NA,29,N,N,N,NA,NA,NA,SJER.20170220.R1150.F,NA,fresh,NA,NA,NA,NA,NA,NA,NA,auccello@field-ops.org,Severett@battelleecology.org,NA,NA
a8fbc194-f437-46ae-aaed-b4c6347f10ac,61eddc82-292c-417d-aaf6-0753b90e33ec,SJER_032.mammalGrid.mam,D17,SJER,SJER_032,I1,distributed,grasslandHerbaceous,37.092605,-119.744726,WGS84,45.1,344.8,0.1,5 - capture,ShermanXLK,2/20/2017,2/20/2017,NEON.MAM.D17.R1245,NA,PEBO,Peromyscus boylii,species,cf. species,NA,N,M,Y,processed,NA,adult,scrotal,NA,NA,NA,21,17,97,NA,19,N,N,N,SJER.20170220.R1245.B,NA,mandibular,SJER.20170220.R1245.F,NA,fresh,SJER.20170220.R1245.E,NA,SJER.20170220.R1245.H,NA,NA,NA,NA,auccello@field-ops.org,Severett@battelleecology.org,NA,NA
92c1fa43-d157-4340-87c5-0311960f6ef5,61eddc82-292c-417d-aaf6-0753b90e33ec,SJER_032.mammalGrid.mam,D17,SJER,SJER_032,I7,distributed,grasslandHerbaceous,37.092605,-119.744726,WGS84,45.1,344.8,0.1,5 - capture,ShermanXLK,2/20/2017,2/20/2017,NEON.MAM.D17.R1277,NA,PEMA,Peromyscus maniculatus,species,NA,NA,N,M,N,processed,NA,adult,nonscrotal,NA,NA,NA,19,16,73,NA,17,N,N,N,SJER.20170220.R1277.B,NA,mandibular,NA,NA,NA,SJER.20170220.R1277.E,NA,SJER.20170220.R1277.H,NA,NA,NA,NA,auccello@field-ops.org,Severett@battelleecology.org,NA,NA
33a031ab-d866-404f-8587-195f439cbb44,61eddc82-292c-417d-aaf6-0753b90e33ec,SJER_032.mammalGrid.mam,D17,SJER,SJER_032,D8,distributed,grasslandHerbaceous,37.092605,-119.744726,WGS84,45.1,344.8,0.1,5 - capture,ShermanXLK,2/20/2017,2/20/2017,NEON.MAM.D17.R1230,NA,PETR,Peromyscus truei,species,NA,NA,N,M,Y,processed,NA,adult,scrotal,NA,NA,NA,22,22,106,NA,26,N,N,N,NA,NA,NA,SJER.20170220.R1230.F,NA,fresh,NA,NA,NA,NA,NA,NA,NA,auccello@field-ops.org,Severett@battelleecology.org,NA,NA
eed1895f-ef83-424a-a7fa-4bf668deda47,4ade5e59-72e0-4f6a-8fca-13a2427953c4,SJER_006.mammalGrid.mam,D17,SJER,SJER_006,J10,distributed,grasslandHerbaceous,37.101706,-119.749027,WGS84,45.1,386.6,0.1,5 - capture,ShermanXLK,2/20/2017,2/20/2017,NEON.MAM.D17.R1289,NA,PEMA,Peromyscus maniculatus,species,NA,NA,N,M,N,released,NA,adult,scrotal,NA,NA,NA,19,NA,NA,NA,20,N,N,N,NA,NA,NA,NA,NA,NA,NA,NA,NA,NA,NA,NA,NA,Eartz@neoninc.org,Mtreece@battelleecology.org,NA,NA
6600cd00-4f1e-4c2f-bc2c-0686b2916838,61eddc82-292c-417d-aaf6-0753b90e33ec,SJER_032.mammalGrid.mam,D17,SJER,SJER_032,A1,distributed,grasslandHerbaceous,37.092605,-119.744726,WGS84,45.1,344.8,0.1,5 - capture,ShermanXLK,2/20/2017,2/20/2017,NEON.MAM.D17.R1127,NA,PEMA,Peromyscus maniculatus,species,NA,NA,N,F,Y,processed,NA,adult,NA,nonenlarged,not,neither,20,16,69,NA,18,N,N,N,SJER.20170220.R1127.B,NA,mandibular,SJER.20170220.R1127.F,NA,fresh,NA,NA,SJER.20170220.R1127.H,NA,NA,NA,NA,auccello@field-ops.org,Severett@battelleecology.org,NA,NA
ecf4ce2d-1b96-4bde-b118-e8c661eb90be,61eddc82-292c-417d-aaf6-0753b90e33ec,SJER_032.mammalGrid.mam,D17,SJER,SJER_032,D10,distributed,grasslandHerbaceous,37.092605,-119.744726,WGS84,45.1,344.8,0.1,5 - capture,ShermanXLK,2/20/2017,2/20/2017,NEON.MAM.D17.R1239,NA,REME,Reithrodontomys megalotis,species,NA,NA,N,M,Y,processed,NA,adult,scrotal,NA,NA,NA,16,14,75,NA,12,N,N,N,SJER.20170220.R1239.B,NA,mandibular,SJER.20170220.R1239.F,NA,fresh,SJER.20170220.R1239.E,NA,NA,NA,NA,NA,NA,auccello@field-ops.org,Severett@battelleecology.org,NA,NA
de3bf0f6-42ee-407f-8487-a5745b4ef507,4ade5e59-72e0-4f6a-8fca-13a2427953c4,SJER_006.mammalGrid.mam,D17,SJER,SJER_006,J5,distributed,grasslandHerbaceous,37.101706,-119.749027,WGS84,45.1,386.6,0.1,5 - capture,ShermanXLK,2/20/2017,2/20/2017,NEON.MAM.D17.R1244,NA,PEBO,Peromyscus boylii,species,NA,NA,N,F,N,processed,NA,adult,NA,nonenlarged,not,swollen,19,NA,NA,NA,24,N,N,N,NA,NA,NA,NA,NA,NA,SJER.20170220.R1244.E,NA,SJER.20170220.R1244.H,NA,NA,NA,NA,Eartz@neoninc.org,Mtreece@battelleecology.org,NA,NA
